398447151,-15.00,-15.08,-14.98,5.40,83,57
398475160,-15.00,-14.98,-15.00,5.39,87,57
398503139,-15.00,-14.96,-15.01,5.39,97,56
398531148,-15.00,-15.08,-15.02,5.41,93,56
398559127,-15.00,-15.10,-15.01,5.40,82,56
398587136,-15.00,-14.98,-15.00,5.40,87,57
398615115,-15.00,-14.96,-15.00,5.39,98,57
398643124,-15.00,-15.06,-15.02,5.39,92,56
398671103,-15.00,-15.08,-15.00,5.40,84,56
398699112,-15.00,-14.97,-14.99,5.39,88,57
398727091,-15.00,-14.97,-14.98,5.39,97,57
398755100,-15.00,-15.06,-15.00,5.39,92,57
398783079,-15.00,-15.07,-15.00,5.39,84,56
398811088,-15.00,-14.98,-14.98,5.40,89,57
398839067,-15.00,-14.98,-14.98,5.39,96,57
398867076,-15.00,-15.09,-15.00,5.39,91,57
398895055,-15.00,-15.09,-15.00,5.39,82,56
398923064,-15.00,-15.00,-15.00,5.39,89,56
398951043,-15.00,-14.99,-15.00,5.39,96,57
398979052,-15.00,-15.08,-15.01,5.40,91,57
399007031,-15.00,-15.10,-15.00,5.40,83,56
399035040,-15.00,-15.01,-15.01,5.39,87,57
399063032,-15.00,-14.97,-15.00,5.39,95,56
399091028,-15.00,-15.04,-15.00,5.39,92,57
399119007,-15.00,-15.08,-15.01,5.39,85,57
399147016,-15.00,-15.01,-15.02,5.39,86,56
399174995,-15.00,-14.94,-15.00,5.39,94,56
399203004,-15.00,-15.01,-14.98,5.39,95,57
399230983,-15.00,-15.05,-14.98,5.39,86,58
399258992,-15.00,-14.98,-15.02,5.39,86,57
399286971,-15.00,-14.95,-15.02,5.39,94,55
399314981,-15.00,-15.04,-15.01,5.39,93,56
399342959,-15.00,-15.12,-14.99,5.39,84,57
399370975,-15.00,-15.05,-15.01,5.39,83,58
399398947,-15.00,-14.98,-15.02,5.39,92,55
399426957,-15.00,-15.04,-15.00,5.39,94,56
399454935,-15.00,-15.13,-14.99,5.39,86,58
399482945,-15.00,-15.08,-15.02,5.39,82,57
399510923,-15.00,-14.98,-15.02,5.39,91,55
399538943,-15.00,-15.03,-14.99,5.39,95,56
399566911,-15.00,-15.13,-14.97,5.39,86,58
399594921,-15.00,-15.09,-14.98,5.40,81,58
399622899,-15.00,-14.96,-15.00,5.40,89,57
399650909,-15.00,-14.99,-15.01,5.39,97,55
399678889,-15.00,-15.10,-14.99,5.39,87,56
399706897,-15.00,-15.06,-14.97,5.40,80,58
399734876,-15.00,-14.95,-15.00,5.39,90,58
399762885,-15.00,-15.00,-15.02,5.39,96,55
399790864,-15.00,-15.13,-15.00,5.39,86,55
399818873,-15.00,-15.09,-14.99,5.40,79,58
399846852,-15.00,-14.97,-15.00,5.40,89,57
399874861,-15.00,-14.98,-15.01,5.39,96,56
399902840,-15.00,-15.12,-14.99,5.40,88,56
399930849,-15.00,-15.06,-14.99,5.40,78,57
399958828,-15.00,-14.96,-15.00,5.39,90,57
399986840,-15.00,-15.02,-15.00,5.40,95,56
400014817,-15.00,-15.98,-14.99,5.40,85,57
400042825,-15.00,-15.40,-14.98,5.40,55,57
400070804,-15.00,-14.69,-14.99,5.39,98,58
400098813,-15.00,-14.61,-14.99,5.39,98,56
400126792,-15.00,-14.83,-15.01,5.38,98,57
400154801,-15.00,-15.01,-15.00,5.39,79,56
400182780,-15.00,-14.89,-15.00,5.39,77,57
400210789,-15.00,-14.72,-15.01,5.39,97,57
400238768,-15.00,-14.79,-15.01,5.39,98,56
400266789,-15.00,-14.92,-15.01,5.39,89,57
400294756,-15.00,-14.89,-15.00,5.39,83,57
400322765,-15.00,-14.76,-15.01,5.39,93,57
400350744,-15.00,-14.79,-15.03,5.39,98,56
400378753,-15.00,-14.89,-15.00,5.39,91,55
400406732,-15.00,-14.95,-14.98,5.39,86,58
400434754,-15.00,-14.93,-14.98,5.39,87,58
400462720,-15.00,-14.92,-15.00,5.39,92,57
400490729,-15.00,-14.95,-15.01,5.39,92,56
400518708,-15.00,-15.00,-15.00,5.39,89,56
400546717,-15.00,-15.01,-14.99,5.39,87,57
400574696,-15.00,-14.98,-14.99,5.39,89,57
400602705,-15.00,-15.03,-15.00,5.39,92,57
400630684,-15.00,-15.08,-15.01,5.39,87,56
400658693,-15.00,-15.07,-15.01,5.39,86,56
400686672,-15.00,-15.04,-15.01,5.39,89,56
400714696,-15.00,-15.06,-14.98,5.39,90,57
400742660,-15.00,-15.04,-14.99,5.39,87,58
400770670,-15.00,-15.03,-15.02,5.39,90,56
400798648,-15.00,-15.05,-15.00,5.39,90,55
400826658,-15.00,-15.05,-15.00,5.39,87,58
400854636,-15.00,-15.01,-15.01,5.39,88,57
400882646,-15.00,-14.99,-15.01,5.39,91,56
400910624,-15.00,-14.97,-14.99,5.39,91,57
400938634,-15.00,-14.94,-14.99,5.39,91,58
400966612,-15.00,-14.89,-15.01,5.38,92,57
400994622,-15.00,-14.92,-15.01,5.38,95,56
401022600,-15.00,-14.95,-15.00,5.39,90,56
401050610,-15.00,-14.96,-15.00,5.39,89,57
401078588,-15.00,-14.96,-15.01,5.40,90,57
401106598,-15.00,-14.94,-15.02,5.41,90,56
401134590,-15.00,-14.91,-15.00,5.40,92,56
401162586,-15.00,-14.91,-14.98,5.40,93,57
401190565,-15.00,-14.92,-15.01,5.39,92,58
401218587,-15.00,-14.93,-15.01,5.39,91,55
401246553,-15.00,-14.92,-14.98,5.39,91,56
401274562,-15.00,-14.93,-14.97,5.39,93,58
401302571,-15.00,-14.96,-14.98,5.39,91,58
401330550,-15.00,-14.94,-14.99,5.39,90,56
401358573,-15.00,-14.92,-15.00,5.39,93,57
401386538,-15.00,-14.98,-15.00,5.39,94,56
401414548,-15.00,-14.97,-14.99,5.39,88,57
401442526,-15.00,-14.98,-14.99,5.39,92,57
401470535,-15.00,-15.01,-15.01,5.39,91,57
401498514,-15.00,-15.04,-15.02,5.39,90,56
401526523,-15.00,-15.87,-15.03,5.40,88,56
401554502,-15.00,-15.25,-15.01,5.40,55,56
401582511,-15.00,-14.55,-15.01,5.39,98,57
401610490,-15.00,-14.47,-15.01,5.39,98,57
401638499,-15.00,-14.60,-15.01,5.39,98,57
401666491,-15.00,-14.75,-15.00,5.39,91,56
401694487,-15.00,-14.86,-14.99,5.39,88,57
401722466,-15.00,-14.90,-14.99,5.39,88,57
401750475,-15.00,-14.90,-14.99,5.39,91,57
401778454,-15.00,-14.95,-14.99,5.39,94,56
401806476,-15.00,-15.00,-14.98,5.40,90,57
401834448,-15.00,-15.02,-15.00,5.40,89,57
401862452,-15.00,-15.03,-15.01,5.39,91,56
401890431,-15.00,-15.06,-15.00,5.43,91,56
401918440,-15.00,-15.07,-15.00,5.41,89,57
401946418,-15.00,-15.07,-15.01,5.40,89,57
401974428,-15.00,-15.08,-15.01,5.40,91,56
402002406,-15.00,-15.08,-14.98,5.40,89,56
402030416,-15.00,-15.07,-14.99,5.40,90,58
402058395,-15.00,-15.08,-15.02,5.40,91,57
402086404,-15.00,-15.11,-15.01,5.40,89,55
402114383,-15.00,-15.08,-15.00,5.40,87,57
402142404,-15.00,-15.08,-14.99,5.40,91,57
402170370,-15.00,-15.10,-14.99,5.40,90,58
402198380,-15.00,-15.11,-15.02,5.39,87,57
402226359,-15.00,-15.07,-15.01,5.39,88,55
402254368,-15.00,-15.04,-15.01,5.39,91,57
402282347,-15.00,-15.08,-15.00,5.39,91,56
402310356,-15.00,-15.11,-15.00,5.39,87,57
402338335,-15.00,-15.09,-15.02,5.39,87,57
402366344,-15.00,-15.05,-15.03,5.39,89,56
402394323,-15.00,-15.07,-15.01,5.39,92,56
402422332,-15.00,-15.11,-15.00,5.42,87,57
402450311,-15.00,-15.06,-15.02,5.40,85,57
402478320,-15.00,-15.01,-15.01,5.40,91,55
402506299,-15.00,-15.04,-15.00,5.40,92,57
402534308,-15.00,-15.09,-15.00,5.40,88,58
402562287,-15.00,-15.06,-15.00,5.40,84,56
402590296,-15.00,-15.01,-14.99,5.39,90,56
402618275,-15.00,-15.03,-14.97,5.39,92,57
402646284,-15.00,-15.07,-14.98,5.39,88,58
402674263,-15.00,-15.04,-15.01,5.39,86,57
402702272,-15.00,-15.01,-15.01,5.39,90,55
402730251,-15.00,-15.02,-14.99,5.39,91,56
402758260,-15.00,-15.06,-14.99,5.39,88,58
402786239,-15.00,-15.06,-15.01,5.39,86,57
402814249,-15.00,-14.99,-15.03,5.39,88,56
402842227,-15.00,-14.96,-15.01,5.39,93,55
402870236,-15.00,-15.01,-14.97,5.39,91,57
402898228,-15.00,-14.99,-14.99,5.39,87,59
402926224,-15.00,-14.93,-15.00,5.39,90,55
402954203,-15.00,-14.92,-15.00,5.38,95,56
402982212,-15.00,-15.02,-14.98,5.39,92,57
403010193,-15.00,-15.02,-14.98,5.39,83,58
403038200,-15.00,-14.89,-15.00,5.39,88,57
403066179,-15.00,-14.85,-15.00,5.39,98,56
403094189,-15.00,-14.97,-15.00,5.39,95,56
403122167,-15.00,-15.00,-14.99,5.39,83,57
403150176,-15.00,-14.87,-15.00,5.40,87,57
403178155,-15.00,-14.82,-15.01,5.39,98,56
403206165,-15.00,-14.95,-15.00,5.38,97,56
403234156,-15.00,-14.97,-15.00,5.39,83,57
403262153,-15.00,-14.86,-15.00,5.39,89,57
403290131,-15.00,-14.84,-15.01,5.40,98,57
403318141,-15.00,-15.79,-15.02,5.39,95,56
403346119,-15.00,-15.17,-15.01,5.40,55,56
403374129,-15.00,-14.45,-15.00,5.39,98,57
403402108,-15.00,-14.35,-15.00,5.39,98,57
403430117,-15.00,-14.56,-15.00,5.38,98,57
403458095,-15.00,-14.78,-15.00,5.38,88,57
403486105,-15.00,-14.79,-15.00,5.39,83,57
403514084,-15.00,-14.75,-15.00,5.38,95,56
403542093,-15.00,-14.86,-15.00,5.38,98,57
403570072,-15.00,-14.98,-15.00,5.38,88,57
403598081,-15.00,-14.99,-15.01,5.39,85,57
403626060,-15.00,-14.91,-15.02,5.39,92,56
403654069,-15.00,-14.97,-15.02,5.39,98,56
403682048,-15.00,-15.09,-15.01,5.38,89,57
403710057,-15.00,-15.10,-15.01,5.39,83,57
403738036,-15.00,-15.01,-15.03,5.39,89,57
403766045,-15.00,-15.07,-15.04,5.39,96,55
403794024,-15.00,-15.23,-15.00,5.39,87,55
403822033,-15.00,-15.15,-14.98,5.39,77,59
403850012,-15.00,-14.95,-15.00,5.39,92,57
403878021,-15.00,-14.92,-15.00,5.39,98,56
403906000,-15.00,-15.01,-15.00,5.39,95,56
403934009,-15.00,-15.08,-14.98,5.39,86,57
403961988,-15.00,-15.02,-15.00,5.39,85,58
403989997,-15.00,-14.98,-15.01,5.39,94,56
404017976,-15.00,-15.03,-15.01,5.39,94,56
404045985,-15.00,-15.08,-15.01,5.39,87,56
404073964,-15.00,-15.02,-15.00,5.39,86,57
404101973,-15.00,-14.98,-15.01,5.39,94,57
404129952,-15.00,-15.03,-15.00,5.39,94,56
404157971,-15.00,-15.06,-15.00,5.39,88,57
404185940,-15.00,-15.00,-15.01,5.39,88,57
404213950,-15.00,-14.96,-15.01,5.39,94,56
404241928,-15.00,-15.02,-15.01,5.39,94,56
404269937,-15.00,-15.03,-14.98,5.40,87,56
404297916,-15.00,-14.98,-14.97,5.39,90,58
404325925,-15.00,-14.98,-14.99,5.39,94,58
404353904,-15.00,-15.01,-15.00,5.44,91,56
404381913,-15.00,-15.01,-15.00,5.43,88,55
404409892,-15.00,-14.97,-14.97,5.42,90,56
404437901,-15.00,-14.97,-14.96,5.40,93,58
404465880,-15.00,-15.01,-14.99,5.40,91,58
404493903,-15.00,-15.03,-15.01,5.40,88,55
404521868,-15.00,-14.99,-15.00,5.39,89,55
404549877,-15.00,-14.98,-14.97,5.39,94,57
404577858,-15.00,-15.07,-14.97,5.39,91,58
404605865,-15.00,-15.05,-15.01,5.39,84,57
404633844,-15.00,-14.98,-15.00,5.39,91,55
404661854,-15.00,-15.01,-14.98,5.39,95,57
404689832,-15.00,-15.10,-14.97,5.39,89,57
404717855,-15.00,-15.06,-14.99,5.39,84,58
404745820,-15.00,-15.00,-14.99,5.39,91,56
404773830,-15.00,-15.02,-14.99,5.39,94,57
404801808,-15.00,-15.08,-15.00,5.38,89,57
404829818,-15.00,-15.06,-15.01,5.39,86,56
404857796,-15.00,-15.01,-15.00,5.39,90,56
404885806,-15.00,-15.03,-15.00,5.39,93,57
404913816,-15.00,-15.09,-15.01,5.39,89,57
404941793,-15.00,-15.10,-15.02,5.39,85,56
404969803,-15.00,-15.04,-14.99,5.39,87,55
404997782,-15.00,-15.02,-14.98,5.39,93,59
405025791,-15.00,-15.13,-15.02,5.39,90,57
405053783,-15.00,-15.11,-15.02,5.39,81,55
405081779,-15.00,-15.01,-15.00,5.39,88,56
405109758,-15.00,-15.03,-14.97,5.39,95,58
405137767,-15.00,-15.13,-14.99,5.39,88,59
405165746,-15.00,-15.10,-15.02,5.39,81,56
405193755,-15.00,-15.01,-15.01,5.39,89,55
405221734,-15.00,-15.01,-14.99,5.39,94,57
405249743,-15.00,-15.10,-15.00,5.41,89,58
405277722,-15.00,-15.09,-15.02,5.40,82,56
405305731,-15.00,-14.96,-15.00,5.40,87,55
405333710,-15.00,-14.93,-14.99,5.39,97,57
405361720,-15.00,-15.00,-15.00,5.39,92,58
405389698,-15.00,-15.03,-15.02,5.39,85,56
405417707,-15.00,-14.98,-15.00,5.39,87,55
405445686,-15.00,-14.95,-14.98,5.39,92,57
405473695,-15.00,-15.02,-14.99,5.39,92,58
405501674,-15.00,-15.03,-14.99,5.39,85,56
405529683,-15.00,-14.94,-15.01,5.40,88,57
405557662,-15.00,-14.91,-15.01,5.41,96,56
405585671,-15.00,-15.02,-14.98,5.40,92,56
405613651,-15.00,-15.07,-14.97,5.40,82,58
405641673,-15.00,-14.96,-14.99,5.40,85,58
405669638,-15.00,-14.90,-15.02,5.39,96,56
405697648,-15.00,-15.85,-15.02,5.39,94,55
405725627,-15.00,-15.40,-15.00,5.40,55,57
405753636,-15.00,-14.75,-15.02,5.39,98,57
405781615,-15.00,-14.68,-15.02,5.39,98,56
405809637,-15.00,-14.87,-15.01,5.39,98,56
405837602,-15.00,-15.03,-14.98,5.39,81,57
405865612,-15.00,-14.92,-15.01,5.39,79,59
405893590,-15.00,-14.82,-15.05,5.39,97,55
405921600,-15.00,-15.04,-15.04,5.39,98,55
405949579,-15.00,-15.11,-15.02,5.39,76,56
405977588,-15.00,-14.94,-15.01,5.39,83,57
406005566,-15.00,-14.84,-15.01,5.39,98,57
406033576,-15.00,-15.02,-15.00,5.38,98,57
406061554,-15.00,-15.14,-15.02,5.39,79,57
406089564,-15.00,-14.97,-15.02,5.39,79,55
406117543,-15.00,-14.90,-15.01,5.39,98,56
406145565,-15.00,-15.04,-15.00,5.39,95,57
406173531,-15.00,-15.14,-15.02,5.39,81,57
406201540,-15.00,-15.01,-15.03,5.39,81,55
406229519,-15.00,-14.93,-15.01,5.39,96,55
406257528,-15.00,-15.09,-14.97,5.38,96,57
406285507,-15.00,-15.14,-15.00,5.39,78,59
406313529,-15.00,-14.97,-15.05,5.39,83,55
406341495,-15.00,-14.90,-15.02,5.39,98,55
406369504,-15.00,-15.06,-15.01,5.39,95,57
406397483,-15.00,-15.15,-15.00,5.39,79,57
406425492,-15.00,-14.97,-15.01,5.39,81,57
406453471,-15.00,-14.86,-15.01,5.39,98,56
406481480,-15.00,-15.02,-15.19,5.38,98,56
406509472,-15.00,-15.09,-15.11,5.39,79,55
406537468,-15.00,-14.97,-15.06,5.39,83,59
406565447,-15.00,-14.92,-15.07,5.39,96,57
406593456,-15.00,-15.05,-15.07,5.39,94,55
406621435,-15.00,-15.10,-15.04,5.39,80,55
406649444,-15.00,-14.98,-15.02,5.39,84,57
406677423,-15.00,-14.93,-14.99,5.39,96,57
406705432,-15.00,-15.02,-15.01,5.39,93,57
406733411,-15.00,-15.09,-15.02,5.39,83,55
406761421,-15.00,-14.98,-14.99,5.39,83,55
406789399,-15.00,-14.93,-14.96,5.39,96,57
406817408,-15.00,-15.05,-14.95,5.39,93,58
406845387,-15.00,-15.10,-14.97,5.39,81,57
406873396,-15.00,-14.95,-14.99,5.39,84,55
406901389,-15.00,-14.89,-14.96,5.39,98,55
406929385,-15.00,-15.03,-14.93,5.39,95,58
406957363,-15.00,-15.09,-14.95,5.39,80,58
406985373,-15.00,-14.96,-15.00,5.40,84,56
407013352,-15.00,-14.93,-15.00,5.39,96,55
407041374,-15.00,-15.03,-14.98,5.40,92,56
407069339,-15.00,-15.09,-14.97,5.40,82,57
407097349,-15.00,-15.37,-14.97,5.40,83,57
407125327,-15.00,-14.89,-14.99,5.40,65,56
407153337,-15.00,-14.48,-14.99,5.39,98,55
407181328,-15.00,-14.58,-14.96,5.39,98,56
407209325,-15.00,-14.80,-14.95,5.39,92,58
407237316,-15.00,-14.94,-14.98,5.39,81,58
407265313,-15.00,-14.89,-15.00,5.40,83,55
407293291,-15.00,-14.85,-14.98,5.40,95,55
407321301,-15.00,-15.13,-14.94,5.39,95,57
407349279,-15.00,-15.08,-14.96,5.39,72,59
407377289,-15.00,-14.88,-15.00,5.39,91,56
407405267,-15.00,-14.92,-15.01,5.39,98,55
407433277,-15.00,-15.04,-14.99,5.39,89,56
407461256,-15.00,-15.06,-14.98,5.39,82,57
407489265,-15.00,-14.98,-15.00,5.39,87,57
407517244,-15.00,-15.01,-15.00,5.39,95,56
407545253,-15.00,-15.09,-14.99,5.39,88,56
407573232,-15.00,-15.06,-14.99,5.39,83,57
407601241,-15.00,-15.02,-15.00,5.39,90,57
407629228,-15.00,-15.05,-15.00,5.39,92,56
407657229,-15.00,-15.11,-15.00,5.39,87,57
407685208,-15.00,-15.06,-14.99,5.39,83,56
407713218,-15.00,-15.00,-14.99,5.39,91,57
407741196,-15.00,-15.06,-15.00,5.39,93,57
407769205,-15.00,-15.09,-15.00,5.39,85,57
407797184,-15.00,-15.03,-15.01,5.39,85,56
407825193,-15.00,-15.00,-15.01,5.39,92,56
407853172,-15.00,-15.07,-14.99,5.39,91,57
407881181,-15.00,-15.09,-15.02,5.39,83,58
407909160,-15.00,-14.98,-15.04,5.39,86,55
407937169,-15.00,-14.91,-15.02,5.39,96,55
407965148,-15.00,-14.99,-14.97,5.39,95,57
407993157,-15.00,-15.03,-14.98,5.39,85,59
408021136,-15.00,-15.00,-15.04,5.39,86,57
408049145,-15.00,-14.98,-15.03,5.39,91,55
408077124,-15.00,-15.03,-15.01,5.39,90,56
408105133,-15.00,-15.08,-14.99,5.39,86,57
408133112,-15.00,-15.02,-14.99,5.39,84,57
408161121,-15.00,-14.98,-15.00,5.39,92,57
408189100,-15.00,-15.03,-14.98,5.39,92,56
408217110,-15.00,-15.01,-15.00,5.39,86,58
408245088,-15.00,-14.98,-15.01,5.39,89,56
408273097,-15.00,-14.97,-15.01,5.39,91,56
408301119,-15.00,-15.00,-15.01,5.39,90,56
408329085,-15.00,-15.01,-15.00,5.39,87,56
408357064,-15.00,-14.97,-14.99,5.39,88,57
408385087,-15.00,-14.96,-14.97,5.39,92,57
408413083,-15.00,-15.01,-15.00,5.39,90,58
408441061,-15.00,-15.04,-15.02,5.39,86,55
408469071,-15.00,-14.98,-14.99,5.39,86,55
408497049,-15.00,-14.92,-14.96,5.39,93,57
408525069,-15.00,-14.97,-14.96,5.39,94,59
408553038,-15.00,-14.99,-15.00,5.39,87,57
408581047,-15.00,-14.94,-15.01,5.39,88,55
408609026,-15.00,-14.91,-14.98,5.39,93,56
408637035,-15.00,-14.95,-14.96,5.39,93,58
408665014,-15.00,-15.05,-14.98,5.39,88,58
408693023,-15.00,-14.97,-15.01,5.39,83,56
408721002,-15.00,-14.89,-15.01,5.39,94,55
408749011,-15.00,-14.95,-14.98,5.39,97,56
408777002,-15.00,-15.06,-14.98,5.40,87,58
408804999,-15.00,-15.01,-14.98,5.40,82,57
408832978,-15.00,-14.90,-14.98,5.39,92,57
408860987,-15.00,-14.97,-15.01,5.39,98,57
408888966,-15.00,-15.92,-15.00,5.39,86,55
408916975,-15.00,-15.27,-14.99,5.40,55,57
408944954,-15.00,-14.62,-14.99,5.39,98,57
408972976,-15.00,-14.59,-14.99,5.39,98,57
409000942,-15.00,-14.88,-14.99,5.39,98,57
409028951,-15.00,-15.10,-15.00,5.39,75,57
409056930,-15.00,-14.96,-15.01,5.39,75,56
409084939,-15.00,-14.81,-15.00,5.39,98,56
409112919,-15.00,-14.95,-14.98,5.40,98,57
409140927,-15.00,-15.09,-14.99,5.40,82,58
409168906,-15.00,-14.94,-15.02,5.40,80,57
409196915,-15.00,-14.80,-15.03,5.39,98,55
409224908,-15.00,-14.93,-14.99,5.39,98,55
409252912,-15.00,-15.03,-14.98,5.39,84,59
409280882,-15.00,-14.92,-15.02,5.39,84,58
409308891,-15.00,-14.87,-15.04,5.39,97,55
409336870,-15.00,-15.00,-15.01,5.39,96,55
409364879,-15.00,-15.02,-14.98,5.39,83,58
409392858,-15.00,-14.90,-15.00,5.39,88,58
409420867,-15.00,-14.85,-15.00,5.40,98,56
409448846,-15.00,-14.95,-15.00,5.39,95,56
409476855,-15.00,-14.97,-14.99,5.39,86,56
409504834,-15.00,-14.90,-14.97,5.39,90,57
409532844,-15.00,-14.91,-14.98,5.39,96,58
409560823,-15.00,-15.00,-15.00,5.39,92,56
409588845,-15.00,-14.97,-15.01,5.39,85,56
409616810,-15.00,-14.86,-15.01,5.39,93,56
409644820,-15.00,-14.83,-15.00,5.38,98,57
409672798,-15.00,-14.88,-14.97,5.38,97,57
409700808,-15.00,-14.86,-15.00,5.39,90,58
409728799,-15.00,-14.92,-15.02,5.38,96,55
409756796,-15.00,-15.13,-14.99,5.39,90,56
409784774,-15.00,-15.23,-14.98,5.39,77,58
409812784,-15.00,-15.18,-15.00,5.39,81,57
409840763,-15.00,-15.17,-15.00,5.39,90,56
409868772,-15.00,-15.29,-14.99,5.39,88,57
409896751,-15.00,-15.30,-15.00,5.40,78,57
409924760,-15.00,-15.19,-15.01,5.40,83,56
409952738,-15.00,-15.17,-15.01,5.39,92,56
409980748,-15.00,-15.28,-14.99,5.39,87,57
410008727,-15.00,-15.26,-15.01,5.40,78,58
410036736,-15.00,-15.18,-15.02,5.40,84,55
410064715,-15.00,-15.18,-15.01,5.39,89,56
410092724,-15.00,-15.21,-14.99,5.39,85,57
410120703,-15.00,-15.18,-15.01,5.39,81,58
410148712,-15.00,-15.14,-15.04,5.42,85,56
410176691,-15.00,-15.12,-15.01,5.43,87,55
410204713,-15.00,-15.17,-14.99,5.42,85,57
410232679,-15.00,-15.15,-14.98,5.41,80,57
410260688,-15.00,-15.08,-14.99,5.41,84,57
410288675,-15.00,-15.08,-15.00,5.41,89,56
410316690,-15.00,-15.16,-14.98,5.41,84,56
410344668,-15.00,-15.08,-14.99,5.40,79,58
410372664,-15.00,-15.01,-14.99,5.40,89,56
410400643,-15.00,-15.09,-15.00,5.40,89,57
410428652,-15.00,-15.11,-15.01,5.40,79,56
410456631,-15.00,-15.01,-15.01,5.40,82,56
410484640,-15.00,-15.00,-15.00,5.41,91,56
410512620,-15.00,-15.05,-14.98,5.41,86,57
410540628,-15.00,-15.01,-14.98,5.40,81,58
410568607,-15.00,-14.93,-15.02,5.40,88,57
410596616,-15.00,-14.98,-15.01,5.39,92,55
410624595,-15.00,-15.10,-15.00,5.40,83,57
410652604,-15.00,-15.10,-15.00,5.40,77,57
410680583,-15.00,-14.96,-15.02,5.40,84,57
410708592,-15.00,-14.99,-15.00,5.39,94,55
410736585,-15.00,-15.12,-14.96,5.40,84,57
410764581,-15.00,-15.12,-14.98,5.40,76,59
410792559,-15.00,-15.02,-15.02,5.40,82,56
410820573,-15.00,-15.01,-15.02,5.40,91,55
410848547,-15.00,-15.10,-15.00,5.39,85,56
410876556,-15.00,-15.11,-14.99,5.40,78,58
410904535,-15.00,-15.00,-15.01,5.40,82,57
410932544,-15.00,-14.96,-15.00,5.39,91,55
410960523,-15.00,-15.04,-14.99,5.39,88,57
410988532,-15.00,-15.06,-14.99,5.40,79,57
411016511,-15.00,-14.94,-14.99,5.40,82,56
411044521,-15.00,-14.91,-14.99,5.39,92,57
411072499,-15.00,-15.02,-14.99,5.39,89,57
411100509,-15.00,-15.05,-15.00,5.39,78,57
411128487,-15.00,-14.92,-14.99,5.40,82,56
411156497,-15.00,-14.90,-14.98,5.39,94,57
411184475,-15.00,-15.02,-14.98,5.39,88,58
411212485,-15.00,-15.03,-15.01,5.39,78,57
411240463,-15.00,-14.90,-15.02,5.40,83,55
411268473,-15.00,-14.91,-15.00,5.40,94,56
411296451,-15.00,-15.04,-15.00,5.39,87,58
411324461,-15.00,-15.05,-15.01,5.39,77,57
411352440,-15.00,-14.93,-15.02,5.39,83,56
411380449,-15.00,-14.93,-15.01,5.40,94,56
411408439,-15.00,-15.04,-15.00,5.40,87,57
411436437,-15.00,-15.05,-14.99,5.39,78,57
411464416,-15.00,-14.94,-15.01,5.39,84,57
411492425,-15.00,-14.97,-15.01,5.39,93,56
411520404,-15.00,-15.10,-14.99,5.39,84,56
411548413,-15.00,-15.04,-14.97,5.39,76,58
411576392,-15.00,-14.93,-14.99,5.39,88,58
411604401,-15.00,-14.99,-15.01,5.39,93,56
411632380,-15.00,-15.08,-15.00,5.40,82,56
411660389,-15.00,-15.04,-15.00,5.41,79,57
411688368,-15.00,-14.96,-15.00,5.41,86,56
411716384,-15.00,-15.01,-14.99,5.40,90,57
411744356,-15.00,-15.07,-15.01,5.41,82,57
411772365,-15.00,-15.04,-15.00,5.41,80,55
411800374,-15.00,-14.99,-14.99,5.40,86,57
411828353,-15.00,-15.90,-14.99,5.40,88,57
411856363,-15.00,-15.38,-15.01,5.40,55,57
411884354,-15.00,-14.85,-15.01,5.39,98,56
411912351,-15.00,-14.93,-14.99,5.39,98,56
411940329,-15.00,-15.12,-14.98,5.39,81,58
411968338,-15.00,-15.07,-14.99,5.39,71,58
411996317,-15.00,-14.92,-15.02,5.40,86,56
412024326,-15.00,-14.96,-15.00,5.40,94,55
412052306,-15.00,-15.11,-14.99,5.40,83,57
412080314,-15.00,-15.08,-14.98,5.39,74,58
412108293,-15.00,-14.92,-15.00,5.39,85,57
412136303,-15.00,-15.00,-15.02,5.39,95,56
412164281,-15.00,-15.13,-15.01,5.40,80,55
412192291,-15.00,-15.03,-15.00,5.40,74,57
412220269,-15.00,-14.90,-14.99,5.39,89,57
412248279,-15.00,-14.99,-14.99,5.39,93,57
412276257,-15.00,-15.10,-15.01,5.41,80,57
412304267,-15.00,-15.01,-15.01,5.40,75,55
412332258,-15.00,-14.88,-14.99,5.40,89,57
412360255,-15.00,-14.98,-14.98,5.40,94,57
412388234,-15.00,-15.08,-14.98,5.40,79,58
412416243,-15.00,-14.98,-15.01,5.40,76,57
412444234,-15.00,-14.85,-15.00,5.39,90,55
412472231,-15.00,-14.95,-14.99,5.39,95,57
412500210,-15.00,-15.08,-14.99,5.40,79,58
412528219,-15.00,-14.98,-15.01,5.40,75,56
412556198,-15.00,-14.89,-15.01,5.39,91,56
412584207,-15.00,-14.99,-15.00,5.39,92,56
412612187,-15.00,-15.09,-14.99,5.39,79,57
412640195,-15.00,-15.01,-15.00,5.40,76,58
412668174,-15.00,-14.91,-15.03,5.39,89,56
412696183,-15.00,-15.02,-15.03,5.39,92,55
412724162,-15.00,-15.09,-15.00,5.40,78,56
412752171,-15.00,-15.01,-14.99,5.40,78,58
412780150,-15.00,-14.97,-15.00,5.39,89,57
412808159,-15.00,-15.04,-15.00,5.39,88,56
412836138,-15.00,-15.08,-14.99,5.39,80,56
412864147,-15.00,-15.02,-14.98,5.39,80,57
412892126,-15.00,-14.97,-15.00,5.39,88,58
412920135,-15.00,-15.05,-15.01,5.39,87,56
412948127,-15.00,-15.07,-15.01,5.39,79,56
412976123,-15.00,-15.01,-15.01,5.39,81,56
413004102,-15.00,-15.01,-15.00,5.39,87,57
413032124,-15.00,-15.04,-15.02,5.39,84,57
413060090,-15.00,-15.05,-15.03,5.39,81,56
413088099,-15.00,-15.05,-15.03,5.39,82,56
413116078,-15.00,-15.03,-15.03,5.40,83,56
413144087,-15.00,-15.13,-15.01,5.39,84,56
413172066,-15.00,-15.05,-14.99,5.39,76,57
413200075,-15.00,-14.98,-15.01,5.39,87,58
413228067,-15.00,-15.03,-15.02,5.39,88,56
413256063,-15.00,-15.07,-15.01,5.40,80,56
413284055,-15.00,-15.01,-15.01,5.40,80,57
413312052,-15.00,-14.96,-15.01,5.40,86,56
413340030,-15.00,-14.99,-14.99,5.40,88,56
413368039,-15.00,-15.07,-14.98,5.40,81,57
413396018,-15.00,-15.02,-15.00,5.40,78,57
413424027,-15.00,-14.92,-15.01,5.40,85,56
413452006,-15.00,-14.95,-15.02,5.40,90,56
413480016,-15.00,-15.05,-15.01,5.40,83,56
413507994,-15.00,-15.02,-15.00,5.40,77,57
413536017,-15.00,-14.92,-15.01,5.40,84,57
413563982,-15.00,-14.94,-15.02,5.40,91,56
413592001,-15.00,-15.03,-15.01,5.40,84,56
413619970,-15.00,-15.02,-14.99,5.39,78,56
413647980,-15.00,-14.92,-14.99,5.39,84,57
413675959,-15.00,-14.92,-14.98,5.39,91,57
413703981,-15.00,-15.01,-14.97,5.39,85,57
413731959,-15.00,-15.02,-14.99,5.40,79,57
413759956,-15.00,-14.95,-15.01,5.39,83,56
413787934,-15.00,-14.97,-15.00,5.39,89,55
413815944,-15.00,-15.03,-14.98,5.40,83,57
413843923,-15.00,-15.01,-14.99,5.41,80,58
413871932,-15.00,-14.97,-15.01,5.40,85,56
413899911,-15.00,-14.99,-15.00,5.40,86,55
413927920,-15.00,-15.03,-14.98,5.39,83,57
413955899,-15.00,-15.03,-14.99,5.40,81,58
413983908,-15.00,-14.96,-15.01,5.40,83,56
414011888,-15.00,-14.97,-15.00,5.39,88,55
414039896,-15.00,-15.02,-14.98,5.39,84,57
414067875,-15.00,-15.01,-14.99,5.41,81,58
414095884,-15.00,-14.97,-15.00,5.41,84,56
414123863,-15.00,-14.97,-15.00,5.42,87,56
414151872,-15.00,-15.03,-14.97,5.41,84,56
414179851,-15.00,-15.01,-14.98,5.40,80,58
414207860,-15.00,-14.95,-15.00,5.40,85,57
414235839,-15.00,-14.99,-15.00,5.40,88,56
414263848,-15.00,-15.03,-15.02,5.40,82,56
414291827,-15.00,-15.01,-15.01,5.42,81,56
414319836,-15.00,-14.98,-15.00,5.41,84,57
414347829,-15.00,-15.01,-15.01,5.40,86,57
414375838,-15.00,-15.03,-15.01,5.40,82,56
414403803,-15.00,-15.01,-15.00,5.40,82,56
414431812,-15.00,-15.00,-14.99,5.39,85,57
414459791,-15.00,-15.05,-15.00,5.40,84,57
414487800,-15.00,-15.09,-15.00,5.39,80,56
414515779,-15.00,-15.01,-14.99,5.39,80,57
414543788,-15.00,-14.98,-14.97,5.39,88,57
414571767,-15.00,-15.03,-15.00,5.39,85,58
414599776,-15.00,-15.05,-15.02,5.40,80,56
414627755,-15.00,-15.01,-15.01,5.40,82,55
414655764,-15.00,-15.00,-15.00,5.40,85,57
414683743,-15.00,-15.03,-15.00,5.40,84,57
414711753,-15.00,-15.01,-15.01,5.40,81,57
414739731,-15.00,-14.99,-15.01,5.40,85,56
414767741,-15.00,-15.02,-15.00,5.40,85,56
414795732,-15.00,-15.07,-14.99,5.39,82,57
414823728,-15.00,-15.07,-15.01,5.40,79,57
414851707,-15.00,-15.01,-15.01,5.40,82,56
414879717,-15.00,-15.01,-15.00,5.40,86,56
414907695,-15.00,-15.05,-14.98,5.39,83,57
414935704,-15.00,-15.04,-14.99,5.39,80,58
414963683,-15.00,-14.97,-15.01,5.40,83,56
414991693,-15.00,-14.95,-15.00,5.39,88,56
415019671,-15.00,-15.04,-15.00,5.39,85,57
415047681,-15.00,-15.03,-14.99,5.39,78,57
415075659,-15.00,-14.99,-15.00,5.40,83,57
415103669,-15.00,-15.01,-15.01,5.40,85,56
415131647,-15.00,-15.04,-15.00,5.40,82,56
415159657,-15.00,-15.01,-15.01,5.40,81,57
415187635,-15.00,-14.99,-15.00,5.40,84,56
415215645,-15.00,-15.04,-15.00,5.40,84,57
415243623,-15.00,-15.05,-15.00,5.40,80,57
415271633,-15.00,-15.02,-15.01,5.39,82,56
415299642,-15.00,-15.01,-15.00,5.41,84,56
415327621,-15.00,-15.06,-14.99,5.40,84,57
415355612,-15.00,-15.07,-14.99,5.40,78,57
415383609,-15.00,-15.02,-14.98,5.40,81,57
415411619,-15.00,-15.02,-14.99,5.40,85,57
415439597,-15.00,-15.05,-15.00,5.40,82,56
415467606,-15.00,-15.05,-14.99,5.40,80,56
415495585,-15.00,-14.99,-15.00,5.42,81,57
415523594,-15.00,-14.97,-14.99,5.41,86,56
415551587,-15.00,-15.01,-14.99,5.41,84,57
415579582,-15.00,-15.02,-14.99,5.41,80,57
415607561,-15.00,-14.99,-14.99,5.40,82,56
415635570,-15.00,-14.98,-14.98,5.40,85,57
415663549,-15.00,-15.02,-15.00,5.40,83,57
415691558,-15.00,-15.03,-15.02,5.41,80,56
415719551,-15.00,-14.98,-15.01,5.40,81,56
415747546,-15.00,-14.98,-15.00,5.40,86,57
415775525,-15.00,-15.04,-15.00,5.40,83,57
415803534,-15.00,-15.05,-15.00,5.39,78,57
415831513,-15.00,-14.94,-15.01,5.40,81,57
415859536,-15.00,-14.92,-15.01,5.40,90,56
415887501,-15.00,-15.00,-15.01,5.41,85,57
415915511,-15.00,-15.03,-14.99,5.41,78,56
415943489,-15.00,-14.95,-14.99,5.40,80,57
415971499,-15.00,-14.91,-15.00,5.40,88,57
415999477,-15.00,-14.99,-15.01,5.40,87,56
416027499,-15.00,-15.03,-15.00,5.40,78,56
416055465,-15.00,-14.95,-15.00,5.40,80,57
416083475,-15.00,-14.91,-15.00,5.40,88,57
416111454,-15.00,-14.96,-15.00,5.39,87,57
416139463,-15.00,-15.03,-15.02,5.39,81,57
416167441,-15.00,-14.98,-15.02,5.40,79,55
416195451,-15.00,-14.92,-15.00,5.40,86,56
416223429,-15.00,-14.92,-14.97,5.39,88,57
416251439,-15.00,-14.99,-14.97,5.39,84,58
416279417,-15.00,-14.98,-14.98,5.40,79,58
416307427,-15.00,-14.90,-15.02,5.40,85,56
416335406,-15.00,-14.92,-15.02,5.39,90,55
416363415,-15.00,-15.02,-15.00,5.40,83,57
416391394,-15.00,-14.99,-15.00,5.40,78,57
416419403,-15.00,-14.92,-15.01,5.40,85,56
416447382,-15.00,-14.94,-15.00,5.40,90,56
416475404,-15.00,-15.04,-14.99,5.40,83,57
416503370,-15.00,-15.00,-15.01,5.40,77,58
416531379,-15.00,-14.91,-15.04,5.39,86,56
416559358,-15.00,-14.95,-15.02,5.39,91,55
416587367,-15.00,-15.05,-15.01,5.41,82,57
416615346,-15.00,-15.03,-14.99,5.40,77,57
416643355,-15.00,-14.93,-14.99,5.40,84,58
416671334,-15.00,-14.94,-15.01,5.40,91,57
416699343,-15.00,-15.06,-15.01,5.40,85,56
416727322,-15.00,-15.03,-15.01,5.40,75,57
416755331,-15.00,-14.93,-15.01,5.40,85,56
416783310,-15.00,-14.96,-15.00,5.40,91,56
416811320,-15.00,-15.05,-14.99,5.39,83,57
416839298,-15.00,-15.06,-15.00,5.40,78,58
416867307,-15.00,-14.98,-15.04,5.39,82,56
416895286,-15.00,-14.99,-15.02,5.39,89,55
416923295,-15.00,-15.06,-15.00,5.40,83,57
416951274,-15.00,-15.05,-15.01,5.40,79,57
416979289,-15.00,-14.98,-15.00,5.40,83,56
417007262,-15.00,-14.97,-15.00,5.40,88,57
417035271,-15.00,-15.05,-14.98,5.40,84,57
417063250,-15.00,-15.04,-14.99,5.40,79,57
417091259,-15.00,-14.97,-14.99,5.40,83,57
417119238,-15.00,-14.95,-14.99,5.40,88,56
417147261,-15.00,-15.02,-14.98,5.40,86,57
417175226,-15.00,-15.02,-14.98,5.40,79,57
417203235,-15.00,-14.95,-15.00,5.40,83,57
417231214,-15.00,-14.98,-15.00,5.40,89,56
417259237,-15.00,-15.06,-15.00,5.39,83,56
417287202,-15.00,-15.06,-14.99,5.40,78,56
417315211,-15.00,-14.98,-14.97,5.40,83,57
417343190,-15.00,-14.98,-14.97,5.40,88,58
417371200,-15.00,-15.04,-15.00,5.39,84,57
417399178,-15.00,-15.05,-15.01,5.39,79,55
417427187,-15.00,-14.99,-14.99,5.40,82,56
417455166,-15.00,-14.98,-14.98,5.40,87,58
417483176,-15.00,-15.04,-15.01,5.40,85,58
417511155,-15.00,-15.03,-15.01,5.40,79,55
417539164,-15.00,-14.96,-15.00,5.40,83,56
417567142,-15.00,-14.96,-14.98,5.39,89,58
417595152,-15.00,-15.02,-15.00,5.39,84,57
417623130,-15.00,-15.03,-15.00,5.40,80,56
417651140,-15.00,-14.99,-15.00,5.39,82,56
417679119,-15.00,-14.98,-15.00,5.40,86,57
417707141,-15.00,-15.02,-15.01,5.40,84,57
417735106,-15.00,-15.02,-15.01,5.40,81,56
417763116,-15.00,-15.01,-15.02,5.40,83,57
417791094,-15.00,-14.99,-15.02,5.40,84,56
417819104,-15.00,-15.01,-15.00,5.40,85,56
417847083,-15.00,-15.03,-15.00,5.40,82,57
417875092,-15.00,-15.14,-14.99,5.39,82,57
417903071,-15.00,-15.01,-15.01,5.40,74,57
417931080,-15.00,-14.90,-15.01,5.39,91,56
417959059,-15.00,-15.04,-15.00,5.39,92,56
417987068,-15.00,-15.07,-14.98,5.40,74,57
418015060,-15.00,-14.95,-15.00,5.40,80,58
418043056,-15.00,-14.93,-15.02,5.40,91,56
418071035,-15.00,-15.02,-14.99,5.40,86,55
418099044,-15.00,-15.03,-14.99,5.40,78,58
418127023,-15.00,-14.94,-15.01,5.40,82,57
418155032,-15.00,-14.94,-15.02,5.39,90,55
418183011,-15.00,-15.04,-14.98,5.40,84,56
418211021,-15.00,-15.01,-14.98,5.40,77,59
418238999,-15.00,-14.92,-15.03,5.40,85,57
418267008,-15.00,-14.97,-15.02,5.40,90,55
418294987,-15.00,-15.08,-15.01,5.40,82,56
418322996,-15.00,-15.01,-14.99,5.41,76,57
418350975,-15.00,-14.94,-15.00,5.41,87,57
418378984,-15.00,-14.98,-15.00,5.40,89,56
418406963,-15.00,-15.07,-14.98,5.40,81,57
418434972,-15.00,-15.05,-15.00,5.40,77,58
418462951,-15.00,-15.00,-15.03,5.40,83,55
418490970,-15.00,-15.08,-15.00,5.39,86,55
418518939,-15.00,-15.12,-14.98,5.40,77,57
418546949,-15.00,-15.08,-14.99,5.40,79,58
418574936,-15.00,-15.08,-15.01,5.40,83,56
418602936,-15.00,-15.08,-15.00,5.40,81,55
418630915,-15.00,-15.06,-14.99,5.40,81,57
418658924,-15.00,-15.06,-15.00,5.40,83,57
418686903,-15.00,-15.08,-15.01,5.40,81,56
418714913,-15.00,-15.07,-15.01,5.40,80,56
418742891,-15.00,-15.07,-14.99,5.40,82,56
418770901,-15.00,-15.06,-14.97,5.40,81,57
418798910,-15.00,-15.03,-14.98,5.40,81,58
418826888,-15.00,-14.98,-15.00,5.40,83,56
418854898,-15.00,-14.99,-15.01,5.39,86,56
418882877,-15.00,-15.03,-14.99,5.40,82,56
418910886,-15.00,-14.98,-14.99,5.39,79,57
418938877,-15.00,-14.96,-15.00,5.40,85,57
418966880,-15.00,-15.01,-15.02,5.39,84,56
418994853,-15.00,-15.01,-15.02,5.39,80,55
419022862,-15.00,-14.96,-14.99,5.39,81,56
419050841,-15.00,-14.94,-14.98,5.39,86,58
419078850,-15.00,-14.98,-15.01,5.39,85,57
419106842,-15.00,-14.98,-15.01,5.40,80,55
419134838,-15.00,-14.95,-15.01,5.40,83,56
419162817,-15.00,-14.95,-14.99,5.40,85,57
419190826,-15.00,-14.98,-15.01,5.41,84,57
419218805,-15.00,-14.96,-15.00,5.41,81,56
419246814,-15.00,-14.93,-15.00,5.40,85,57
419274793,-15.00,-14.93,-15.00,5.40,85,56
419302802,-15.00,-14.95,-14.99,5.40,84,56
419330781,-15.00,-14.94,-15.00,5.40,83,57
419358790,-15.00,-14.94,-15.01,5.40,85,56
419386769,-15.00,-14.93,-15.02,5.40,84,56
419414778,-15.00,-14.93,-15.01,5.40,85,56
419442757,-15.00,-14.93,-15.00,5.40,85,56
419470766,-15.00,-14.91,-14.99,5.39,84,57
419498745,-15.00,-14.88,-15.01,5.39,87,57
419526754,-15.00,-14.90,-15.02,5.39,88,56
419554733,-15.00,-14.92,-15.01,5.42,85,56
419582742,-15.00,-14.89,-15.00,5.41,84,57
419610722,-15.00,-14.85,-15.00,5.40,88,57
419638730,-15.00,-14.92,-15.01,5.40,90,57
419666709,-15.00,-15.04,-15.00,5.40,82,56
419694718,-15.00,-14.98,-15.00,5.40,77,57
419722697,-15.00,-14.92,-15.00,5.39,88,56
419750711,-15.00,-15.01,-15.00,5.39,89,57
419778685,-15.00,-15.10,-15.01,5.40,79,57
419806695,-15.00,-15.01,-15.03,5.39,77,56
419834673,-15.00,-14.93,-15.02,5.39,89,55
419862683,-15.00,-15.05,-14.99,5.39,91,56
419890661,-15.00,-15.12,-14.96,5.40,77,58
419918671,-15.00,-15.02,-14.99,5.40,78,58
419946649,-15.00,-14.96,-15.03,5.40,89,55
419974669,-15.00,-15.05,-14.99,5.40,88,55
420002637,-15.00,-15.08,-14.97,5.40,78,58
420030647,-15.00,-15.04,-14.99,5.40,81,58
420058625,-15.00,-15.07,-15.00,5.39,85,56
420086635,-15.00,-15.07,-15.02,5.39,81,56
420114613,-15.00,-15.07,-15.00,5.40,82,56
420142623,-15.00,-15.06,-15.00,5.40,83,57
420170601,-15.00,-15.11,-15.00,5.40,83,56
420198611,-15.00,-15.11,-14.99,5.39,78,56
420226590,-15.00,-15.07,-15.00,5.40,81,57
420254599,-15.00,-15.10,-15.02,5.40,84,56
420282578,-15.00,-15.16,-15.01,5.40,80,55
420310588,-15.00,-15.11,-14.99,5.40,76,57
420338566,-15.00,-15.05,-15.00,5.40,83,57
420366575,-15.00,-15.09,-15.00,5.40,85,56
420394554,-15.00,-15.14,-15.00,5.40,78,56
420422563,-15.00,-15.05,-15.00,5.40,77,57
420450542,-15.00,-14.99,-15.00,5.39,86,56
420478551,-15.00,-15.05,-15.00,5.40,86,56
420506543,-15.00,-15.05,-14.98,5.40,77,57
420534539,-15.00,-14.96,-14.98,5.40,82,57
420562518,-15.00,-14.93,-15.00,5.39,88,57
420590527,-15.00,-14.99,-15.01,5.39,85,56
420618506,-15.00,-15.02,-15.01,5.40,79,56
420646515,-15.00,-14.93,-15.01,5.39,80,56
420674494,-15.00,-14.90,-15.01,5.40,89,56
420702503,-15.00,-14.99,-15.00,5.39,86,57
420730482,-15.00,-14.98,-14.99,5.40,78,57
420758491,-15.00,-14.89,-15.00,5.40,83,57
420786470,-15.00,-14.89,-15.02,5.39,90,56
420814479,-15.00,-14.95,-15.01,5.39,85,55
420842458,-15.00,-14.98,-14.99,5.39,80,57
420870467,-15.00,-14.94,-14.98,5.40,82,57
420898446,-15.00,-14.94,-14.98,5.39,86,57
420926456,-15.00,-14.96,-15.00,5.39,84,57
420954434,-15.00,-15.00,-15.00,5.39,83,56
420982443,-15.00,-15.01,-15.00,5.39,81,56
421010423,-15.00,-14.94,-15.00,5.40,82,56
421038431,-15.00,-14.99,-14.99,5.39,88,57
421066410,-15.00,-15.08,-15.01,5.39,81,57
421094419,-15.00,-15.04,-15.02,5.40,76,55
421122398,-15.00,-14.99,-15.01,5.40,85,56
421150407,-15.00,-15.04,-15.00,5.40,86,57
421178386,-15.00,-15.10,-15.01,5.40,79,57
421206395,-15.00,-15.03,-15.03,5.40,77,56
421234374,-15.00,-14.97,-15.02,5.40,87,55
421262384,-15.00,-15.05,-14.99,5.39,86,56
421290362,-15.00,-15.07,-14.99,5.39,77,58
421318372,-15.00,-14.98,-15.02,5.39,80,57
421346350,-15.00,-14.95,-15.02,5.39,88,55
421374360,-15.00,-15.01,-15.01,5.39,86,56
421402338,-15.00,-15.05,-15.00,5.40,79,57
421430348,-15.00,-14.99,-15.00,5.39,80,57
421458340,-15.00,-14.95,-15.01,5.40,87,56
421486337,-15.00,-15.04,-15.01,5.40,86,56
421514314,-15.00,-15.05,-15.02,5.40,77,56
421542324,-15.00,-14.97,-15.01,5.40,81,56
421570302,-15.00,-14.95,-15.01,5.40,88,56
421598312,-15.00,-15.01,-14.99,5.40,85,56
421626290,-15.00,-15.04,-15.00,5.40,79,57
421654313,-15.00,-14.97,-15.02,5.40,81,56
421682279,-15.00,-14.97,-15.00,5.39,87,55
421710289,-15.00,-15.03,-14.99,5.40,83,57
421738267,-15.00,-15.01,-14.99,5.40,78,57
421766276,-15.00,-14.93,-15.00,5.40,84,56
421794255,-15.00,-14.96,-14.99,5.40,89,56
421822277,-15.00,-15.04,-14.97,5.40,82,57
421850243,-15.00,-15.01,-14.99,5.40,78,57
421878252,-15.00,-14.97,-15.01,5.40,84,56
421906231,-15.00,-15.04,-15.01,5.40,86,55
421934240,-15.00,-15.11,-14.99,5.40,78,56
421962219,-15.00,-15.06,-14.98,5.40,77,57
421990228,-15.00,-15.00,-15.00,5.40,84,57
422018207,-15.00,-15.06,-15.00,5.40,86,55
422046216,-15.00,-15.10,-15.00,5.39,78,56
422074195,-15.00,-15.03,-15.00,5.40,78,57
422102204,-15.00,-15.01,-15.00,5.41,86,56
422130183,-15.00,-15.06,-15.00,5.40,83,56
422158192,-15.00,-15.06,-14.97,5.40,78,56
422186171,-15.00,-14.98,-14.97,5.39,81,58
422214193,-15.00,-14.97,-14.99,5.39,87,57
422242159,-15.00,-15.05,-14.99,5.40,83,55
422270168,-15.00,-15.04,-14.99,5.40,77,56
422298147,-15.00,-14.96,-14.98,5.40,82,56
422326156,-15.00,-14.99,-14.99,5.40,87,58
422354166,-15.00,-15.05,-15.01,5.40,81,56
422382144,-15.00,-15.01,-15.02,5.40,78,55
422410154,-15.00,-14.97,-15.01,5.39,84,56
422438132,-15.00,-15.00,-14.99,5.39,85,56
422466142,-15.00,-15.02,-14.98,5.40,81,58
422494120,-15.00,-15.01,-15.01,5.40,81,57
422522130,-15.00,-14.99,-15.02,5.39,82,55
422550109,-15.00,-14.98,-15.01,5.39,84,56
422578130,-15.00,-15.01,-15.00,5.40,83,57
422606096,-15.00,-15.01,-15.01,5.40,81,57
422634106,-15.00,-14.99,-15.01,5.39,81,56
422662092,-15.00,-14.96,-15.00,5.39,84,56
422690094,-15.00,-14.98,-14.99,5.40,85,57
422718073,-15.00,-14.99,-15.00,5.40,81,57
422746082,-15.00,-14.98,-15.02,5.40,82,56
422774061,-15.00,-14.97,-15.02,5.41,84,55
422802070,-15.00,-14.97,-15.01,5.40,83,56
422830062,-15.00,-14.98,-15.00,5.40,83,56
422858058,-15.00,-14.96,-14.98,5.40,82,57
422886037,-15.00,-14.96,-15.00,5.41,84,58
422914046,-15.00,-14.96,-15.02,5.40,84,55
422942025,-15.00,-14.98,-15.01,5.40,83,55
422970034,-15.00,-14.99,-14.99,5.40,82,57
422998013,-15.00,-14.93,-15.00,5.40,82,57
423026022,-15.00,-14.95,-15.00,5.40,87,56
423054001,-15.00,-15.04,-14.98,5.40,83,56
423082010,-15.00,-14.99,-14.99,5.40,77,57
423109990,-15.00,-14.96,-14.99,5.40,85,56
423137998,-15.00,-14.99,-14.99,5.40,85,56
423165977,-15.00,-15.04,-14.99,5.40,81,56
423193986,-15.00,-15.01,-14.98,5.40,79,57
423221965,-15.00,-14.97,-15.01,5.40,84,57
423249974,-15.00,-14.98,-15.02,5.40,86,55
423277967,-15.00,-15.01,-15.01,5.40,82,56
423305962,-15.00,-15.01,-14.99,5.40,81,56
423333941,-15.00,-14.98,-14.99,5.40,83,57
423361950,-15.00,-14.96,-15.00,5.40,84,57
423389929,-15.00,-14.98,-15.01,5.39,85,56
423417938,-15.00,-15.00,-15.01,5.39,82,56
423445917,-15.00,-14.97,-14.99,5.40,82,56
423473926,-15.00,-14.93,-14.98,5.40,85,57
423501905,-15.00,-14.97,-14.98,5.39,87,57
423529914,-15.00,-15.00,-15.00,5.39,81,57
423557893,-15.00,-14.95,-15.01,5.39,82,56
423585903,-15.00,-14.96,-15.02,5.40,87,56
423613881,-15.00,-15.86,-15.01,5.40,83,56
423641890,-15.00,-15.33,-15.02,5.40,55,57
423669869,-15.00,-14.84,-15.03,5.39,98,56
423697878,-15.00,-14.94,-15.01,5.39,98,55
423725858,-15.00,-15.09,-14.98,5.39,78,57
423753867,-15.00,-15.01,-15.00,5.39,72,58
423781859,-15.00,-14.88,-15.02,5.39,87,55
423809855,-15.00,-15.01,-15.00,5.39,93,55
423837833,-15.00,-15.13,-14.97,5.40,75,57
423865856,-15.00,-15.04,-14.96,5.40,73,58
423893821,-15.00,-14.98,-14.99,5.41,87,57
423921831,-15.00,-15.07,-15.00,5.40,86,55
423949809,-15.00,-15.14,-14.98,5.40,76,56
423977819,-15.00,-15.05,-14.99,5.40,76,58
424005798,-15.00,-15.01,-15.01,5.40,86,56
424033807,-15.00,-15.07,-15.00,5.39,84,55
424061786,-15.00,-15.12,-14.99,5.40,77,57
424089795,-15.00,-15.06,-15.01,5.40,77,57
424117774,-15.00,-15.07,-15.02,5.41,84,56
424145783,-15.00,-15.12,-15.01,5.41,80,55
424173764,-15.00,-15.09,-14.99,5.40,76,57
424201771,-15.00,-15.07,-15.00,5.40,81,57
424229750,-15.00,-15.07,-15.00,5.40,81,56
424257759,-15.00,-15.10,-15.00,5.40,80,56
424285738,-15.00,-15.10,-14.99,5.40,78,56
424313747,-15.00,-15.08,-14.98,5.40,79,57
424341726,-15.00,-15.03,-14.99,5.40,80,57
424369735,-15.00,-15.05,-14.99,5.40,83,57
424397714,-15.00,-15.06,-15.01,5.40,79,56
424425723,-15.00,-15.02,-15.00,5.40,78,55
424453702,-15.00,-15.00,-14.99,5.41,82,57
424481711,-15.00,-15.00,-15.00,5.41,82,57
424509691,-15.00,-15.01,-15.02,5.40,80,56
424537699,-15.00,-14.99,-15.01,5.40,80,55
424565678,-15.00,-14.98,-15.00,5.40,82,57
424593687,-15.00,-15.01,-15.01,5.40,81,57
424621666,-15.00,-14.97,-15.02,5.40,79,56
424649688,-15.00,-14.98,-15.01,5.40,83,55
424677654,-15.00,-15.02,-15.00,5.40,80,57
424705677,-15.00,-14.99,-15.00,5.40,78,57
424733642,-15.00,-14.95,-15.01,5.40,83,56
424761651,-15.00,-14.96,-14.99,5.40,84,56
424789630,-15.00,-14.98,-14.99,5.40,81,57
424817639,-15.00,-14.97,-15.00,5.40,81,56
424845629,-15.00,-14.96,-14.99,5.41,81,56
424873627,-15.00,-14.93,-14.98,5.40,82,57
424901606,-15.00,-14.93,-15.00,5.40,84,57
424929615,-15.00,-14.98,-15.02,5.40,82,56
424957594,-15.00,-14.94,-15.02,5.40,79,55
424985606,-15.00,-14.96,-14.99,5.40,84,56
425013595,-15.00,-15.02,-14.99,5.41,81,58
425041591,-15.00,-15.02,-15.02,5.42,77,56
425069570,-15.00,-15.00,-15.02,5.42,81,55
425097593,-15.00,-15.02,-15.00,5.41,82,56
425125558,-15.00,-15.04,-14.99,5.40,80,57
425153568,-15.00,-15.02,-15.01,5.40,79,57
425181559,-15.00,-14.98,-15.00,5.40,82,55
425209556,-15.00,-15.03,-15.00,5.40,84,57
425237534,-15.00,-15.05,-15.00,5.40,78,57
425265544,-15.00,-15.01,-15.01,5.40,79,56
425293522,-15.00,-14.99,-15.01,5.40,83,56
425321532,-15.00,-15.03,-15.01,5.40,82,56
425349510,-15.00,-15.00,-15.01,5.40,78,56
425377520,-15.00,-14.99,-15.01,5.40,82,56
425405499,0.00,-15.02,-15.01,5.40,82,56
425433507,0.00,-4.03,-4.03,4.73,98,98
425461486,0.00,-5.81,-6.33,4.96,97,97
425489496,0.00,-0.62,-0.20,4.50,97,97
425517474,0.00,-2.08,-3.07,4.82,97,97
425545483,0.00,0.71,1.32,4.60,97,97

